"trknum","trackID","Primary","From","To","Type","Ownership","Time","Latitude","Longitude","Distance","Elevation"
1,"PLPT01","Pulpit Rock Tr","Parking area",NA,"Trail","Public","2023-01-20 00:00:01",43.3020251886753,-91.8096044168909,0,886.0072191945
1,"PLPT01","Pulpit Rock Tr","Parking area",NA,"Trail","Public","2023-01-20 00:00:02",43.3020232367017,-91.8095883236368,0.000822506783848056,885.8398963596
1,"PLPT01","Pulpit Rock Tr","Parking area",NA,"Trail","Public","2023-01-20 00:00:03",43.302006644923,-91.8095722303828,0.00222616948544063,885.4954081701
1,"PLPT01","Pulpit Rock Tr","Parking area",NA,"Trail","Public","2023-01-20 00:00:04",43.3019949024125,-91.8095675115247,0.00307098719481662,887.7887152602
1,"PLPT01","Pulpit Rock Tr","Parking area",NA,"Trail","Public","2023-01-20 00:00:05",43.3019743136904,-91.8095415224494,0.00500413684083292,889.2782165748
1,"PLPT01","Pulpit Rock Tr","Parking area",NA,"Trail","Public","2023-01-20 00:00:06",43.3019557721831,-91.8095030221838,0.00732928031052328,888.6122060751
1,"PLPT01","Pulpit Rock Tr","Parking area",NA,"Trail","Public","2023-01-20 00:00:07",43.3019357859402,-91.8094931344372,0.00879629955327267,889.3832034516
1,"PLPT01","Pulpit Rock Tr","Parking area",NA,"Trail","Public","2023-01-20 00:00:08",43.3019087561093,-91.8094974679982,0.010675007663874,889.4652244491
1,"PLPT01","Pulpit Rock Tr","Parking area",NA,"Trail","Public","2023-01-20 00:00:09",43.3018781138407,-91.8095077998997,0.0128535419605593,893.143045977
1,"PLPT01","Pulpit Rock Tr","Parking area",NA,"Trail","Public","2023-01-20 00:00:10",43.3018506660918,-91.8095059112866,0.0147507430792605,894.652232331
1,"PLPT01","Pulpit Rock Tr","Parking area",NA,"Trail","Public","2023-01-20 00:00:11",43.3018258522945,-91.8094897995994,0.0166465730881154,896.8110249852
1,"PLPT01","Pulpit Rock Tr","Parking area",NA,"Trail","Public","2023-01-20 00:00:12",43.3017994276335,-91.8094833107534,0.0184998606944214,899.2224423117
1,"PLPT01","Pulpit Rock Tr","Parking area",NA,"Trail","Public","2023-01-20 00:00:13",43.3017685632166,-91.8094732738793,0.0206898040574757,900.8497389021
1,"PLPT01","Pulpit Rock Tr","Parking area",NA,"Trail","Public","2023-01-20 00:00:14",43.3017523829864,-91.8094547072889,0.0221471699267191,902.6706050466
1,"PLPT01","Pulpit Rock Tr","Parking area",NA,"Trail","Public","2023-01-20 00:00:15",43.3017301050621,-91.8094340636697,0.0240041844187869,902.1522323424
1,"PLPT01","Pulpit Rock Tr","Parking area",NA,"Trail","Public","2023-01-20 00:00:16",43.3017112819522,-91.8094128021762,0.025688709029917,903.4383215832
1,"PLPT01","Pulpit Rock Tr","Parking area",NA,"Trail","Public","2023-01-20 00:00:17",43.301692197847,-91.8093919476119,0.0273742970517958,901.9389777489
1,"PLPT01","Pulpit Rock Tr","Parking area",NA,"Trail","Public","2023-01-20 00:00:18",43.3016701974025,-91.8093502895486,0.0299662200900997,901.4993452023
1,"PLPT01","Pulpit Rock Tr","Parking area",NA,"Trail","Public","2023-01-20 00:00:19",43.3016519201841,-91.8093187924973,0.0319944799287233,901.1187677739
1,"PLPT01","Pulpit Rock Tr","Parking area",NA,"Trail","Public","2023-01-20 00:00:20",43.3016351685697,-91.8092833256908,0.0341240135178403,903.6220486176
1,"PLPT01","Pulpit Rock Tr","Parking area",NA,"Trail","Public","2023-01-20 00:00:21",43.3016118156721,-91.8092494323949,0.0364732969245904,902.3720486157
1,"PLPT01","Pulpit Rock Tr","Parking area",NA,"Trail","Public","2023-01-20 00:00:22",43.3015865696861,-91.8092174655714,0.0388471234286616,901.3681116063
1,"PLPT01","Pulpit Rock Tr","Parking area",NA,"Trail","Public","2023-01-20 00:00:23",43.3015690713405,-91.8091795893246,0.041106773982599,901.2237546507
1,"PLPT01","Pulpit Rock Tr","Parking area",NA,"Trail","Public","2023-01-20 00:00:24",43.3015519374968,-91.8091508102764,0.0429787868961669,902.4311037339
1,"PLPT01","Pulpit Rock Tr","Parking area",NA,"Trail","Public","2023-01-20 00:00:25",43.3015273109791,-91.8091273952812,0.0450485396970106,901.3385840472
1,"PLPT01","Pulpit Rock Tr","Parking area",NA,"Trail","Public","2023-01-20 00:00:26",43.3015088349247,-91.8091055879889,0.0467324921933118,904.0059068859
1,"PLPT01","Pulpit Rock Tr","Parking area",NA,"Trail","Public","2023-01-20 00:00:27",43.3014832304246,-91.8090683984269,0.0493093294853481,904.7014449447
1,"PLPT01","Pulpit Rock Tr","Parking area",NA,"Trail","Public","2023-01-20 00:00:28",43.3014616878777,-91.809046655128,0.0511568771745366,904.5045945507
1,"PLPT01","Pulpit Rock Tr","Parking area",NA,"Trail","Public","2023-01-20 00:00:29",43.3014386273041,-91.8090191231056,0.0532690331170259,905.5511824788
1,"PLPT01","Pulpit Rock Tr","Parking area",NA,"Trail","Public","2023-01-20 00:00:30",43.3014196152658,-91.8089721756151,0.0559755822637997,905.1804475701
1,"PLPT01","Pulpit Rock Tr","Parking area",NA,"Trail","Public","2023-01-20 00:00:31",43.3013941516744,-91.8089374421193,0.05845686419717,903.1725735513
1,"PLPT01","Pulpit Rock Tr","Parking area",NA,"Trail","Public","2023-01-20 00:00:32",43.3013793111491,-91.8089086915674,0.0602319212621123,902.9166680391
1,"PLPT01","Pulpit Rock Tr","Parking area",NA,"Trail","Public","2023-01-20 00:00:33",43.301374060899,-91.8088844963703,0.061504517602152,904.0255919253
1,"PLPT01","Pulpit Rock Tr","Parking area",NA,"Trail","Public","2023-01-20 00:00:34",43.3013497306701,-91.8088474706723,0.0640156834972761,903.7565630535
1,"PLPT01","Pulpit Rock Tr","Parking area",NA,"Trail","Public","2023-01-20 00:00:35",43.3013352162289,-91.8088229510617,0.0656069966002903,905.2919961267
1,"PLPT01","Pulpit Rock Tr","Parking area",NA,"Trail","Public","2023-01-20 00:00:36",43.3013226090565,-91.8087997852549,0.0670635868620014,903.2316286695
1,"PLPT01","Pulpit Rock Tr","Parking area",NA,"Trail","Public","2023-01-20 00:00:37",43.301309947369,-91.8087648672554,0.0690291554866834,902.8740171204
1,"PLPT01","Pulpit Rock Tr","Parking area",NA,"Trail","Public","2023-01-20 00:00:38",43.3012954347365,-91.808724902718,0.0712794444489746,900.6299226288
1,"PLPT01","Pulpit Rock Tr","Parking area",NA,"Trail","Public","2023-01-20 00:00:39",43.3012814821733,-91.80870855908,0.0725470248773505,901.8471142317
1,"PLPT01","Pulpit Rock Tr","Parking area",NA,"Trail","Public","2023-01-20 00:00:40",43.3012648901922,-91.8086871014078,0.0741225840334828,900.7906837839
1,"PLPT02","Pulpit Rock Tr",NA,NA,"Trail","Public","2023-01-20 00:00:01",43.3012664373313,-91.8086846528874,0,869.3011824237
1,"PLPT02","Pulpit Rock Tr",NA,NA,"Trail","Public","2023-01-20 00:00:02",43.3012535764021,-91.8086611670953,0.0014800014861674,882.6509199768
1,"PLPT02","Pulpit Rock Tr",NA,NA,"Trail","Public","2023-01-20 00:00:03",43.3012393497035,-91.8086294852638,0.0033551334993412,894.4521010971
1,"PLPT02","Pulpit Rock Tr",NA,NA,"Trail","Public","2023-01-20 00:00:04",43.3012390680477,-91.8086036679664,0.00465695816576047,896.32546068
1,"PLPT02","Pulpit Rock Tr",NA,NA,"Trail","Public","2023-01-20 00:00:05",43.3012336105679,-91.8085762460254,0.00608995406986567,899.5603688214
1,"PLPT02","Pulpit Rock Tr",NA,NA,"Trail","Public","2023-01-20 00:00:06",43.3012249480166,-91.8085524507873,0.00743046184399755,897.6017074011
1,"PLPT02","Pulpit Rock Tr",NA,NA,"Trail","Public","2023-01-20 00:00:07",43.301204503242,-91.8085258715642,0.00937669517981416,898.9862218389
1,"PLPT02","Pulpit Rock Tr",NA,NA,"Trail","Public","2023-01-20 00:00:08",43.3011854943635,-91.8085275145975,0.0106915537527017,896.0236234092
1,"PLPT02","Pulpit Rock Tr",NA,NA,"Trail","Public","2023-01-20 00:00:09",43.3011757067141,-91.8085058222427,0.011977138144219,896.7782165862
1,"PLPT02","Pulpit Rock Tr",NA,NA,"Trail","Public","2023-01-20 00:00:10",43.301156640859,-91.8084937885094,0.0134264303976534,895.6003950621
1,"PLPT02","Pulpit Rock Tr",NA,NA,"Trail","Public","2023-01-20 00:00:11",43.3011439106087,-91.8085189220748,0.0149685480574436,901.1876654118
1,"PLPT02","Pulpit Rock Tr",NA,NA,"Trail","Public","2023-01-20 00:00:12",43.3011179807447,-91.8085128630741,0.0167844536909082,900.2165368014
1,"PLPT02","Pulpit Rock Tr",NA,NA,"Trail","Public","2023-01-20 00:00:13",43.3011115352282,-91.8085361366375,0.0180394128420776,902.9593189578
1,"PLPT02","Pulpit Rock Tr",NA,NA,"Trail","Public","2023-01-20 00:00:14",43.3010933344824,-91.8085575721256,0.0196967362132799,907.1916024288
1,"PLPT02","Pulpit Rock Tr",NA,NA,"Trail","Public","2023-01-20 00:00:15",43.3010811682842,-91.8085272032662,0.0214431217683704,905.0557756539
1,"PLPT02","Pulpit Rock Tr",NA,NA,"Trail","Public","2023-01-20 00:00:16",43.3010660670269,-91.8085040018506,0.0230100298747416,904.5242795901
1,"PLPT02","Pulpit Rock Tr",NA,NA,"Trail","Public","2023-01-20 00:00:17",43.3010529688232,-91.8084765388513,0.0246637766665711,903.6154869378
1,"PLPT02","Pulpit Rock Tr",NA,NA,"Trail","Public","2023-01-20 00:00:18",43.3010310072463,-91.8084528883184,0.0265926127532262,901.8733609509
1,"PLPT02","Pulpit Rock Tr",NA,NA,"Trail","Public","2023-01-20 00:00:19",43.3010067904732,-91.8084465286719,0.0282948501185394,902.2605000591
1,"PLPT02","Pulpit Rock Tr",NA,NA,"Trail","Public","2023-01-20 00:00:20",43.300983328503,-91.8084480749345,0.0299163834756892,901.7257231554
1,"PLPT02","Pulpit Rock Tr",NA,NA,"Trail","Public","2023-01-20 00:00:21",43.3009649786108,-91.8084524220361,0.0312019592460726,903.8549882505
1,"PLPT02","Pulpit Rock Tr",NA,NA,"Trail","Public","2023-01-20 00:00:22",43.3009601916525,-91.8084832012817,0.0327886162848222,906.4730984907
1,"PLPT02","Pulpit Rock Tr",NA,NA,"Trail","Public","2023-01-20 00:00:23",43.3009555672877,-91.8085197814036,0.0346603781403189,908.2250669973
1,"PLPT02","Pulpit Rock Tr",NA,NA,"Trail","Public","2023-01-20 00:00:24",43.3009686878936,-91.808544546782,0.0362029483824344,916.9980328899
1,"PLPT02","Pulpit Rock Tr",NA,NA,"Trail","Public","2023-01-20 00:00:25",43.3009850271282,-91.8085594734575,0.0375589228214376,916.4501326266
1,"PLPT02","Pulpit Rock Tr",NA,NA,"Trail","Public","2023-01-20 00:00:26",43.3010012792305,-91.8085727406688,0.0388651377142654,914.8720486347
1,"PLPT02","Pulpit Rock Tr",NA,NA,"Trail","Public","2023-01-20 00:00:27",43.3009838737764,-91.8085818976338,0.0401523409333518,918.1955394534
1,"PLPT02","Pulpit Rock Tr",NA,NA,"Trail","Public","2023-01-20 00:00:28",43.300965999755,-91.8085950986308,0.0415543101127218,914.5833347235
1,"PLPT02","Pulpit Rock Tr",NA,NA,"Trail","Public","2023-01-20 00:00:29",43.3009408961018,-91.8085811608699,0.0434243582067361,922.1391090132
1,"PLPT02","Pulpit Rock Tr",NA,NA,"Trail","Public","2023-01-20 00:00:30",43.3009158279118,-91.8085758030733,0.0451758560755157,920.5446208218
1,"PLPT02","Pulpit Rock Tr",NA,NA,"Trail","Public","2023-01-20 00:00:31",43.3008976913497,-91.8085952698794,0.0467667410736352,917.7230985078
1,"PLPT02","Pulpit Rock Tr",NA,NA,"Trail","Public","2023-01-20 00:00:32",43.3008953428936,-91.8086220128756,0.0481248122943433,919.8654869625
1,"PLPT02","Pulpit Rock Tr",NA,NA,"Trail","Public","2023-01-20 00:00:33",43.3009083863085,-91.8086395340573,0.049386230779926,925.918636578
1,"PLPT02","Pulpit Rock Tr",NA,NA,"Trail","Public","2023-01-20 00:00:34",43.300930783976,-91.8086452834581,0.0509593552948644,927.2998701759
1,"PLPT02","Pulpit Rock Tr",NA,NA,"Trail","Public","2023-01-20 00:00:35",43.3009535457086,-91.8086602793177,0.0527031143991608,927.2572192572
1,"PLPT02","Pulpit Rock Tr",NA,NA,"Trail","Public","2023-01-20 00:00:36",43.300955340611,-91.8086792984179,0.0536700130607738,929.8097126994
1,"PLPT02","Pulpit Rock Tr",NA,NA,"Trail","Public","2023-01-20 00:00:37",43.300927117501,-91.8086830834897,0.0556276726665243,930.1082691303
1,"PLPT02","Pulpit Rock Tr",NA,NA,"Trail","Public","2023-01-20 00:00:38",43.3009034918388,-91.8086819671279,0.0572596019423937,930.7644371103
1,"PLPT02","Pulpit Rock Tr",NA,NA,"Trail","Public","2023-01-20 00:00:39",43.3008954407304,-91.8087049638598,0.0585454063043603,932.4573504987
1,"PLPT02","Pulpit Rock Tr",NA,NA,"Trail","Public","2023-01-20 00:00:40",43.300904384292,-91.8087296625886,0.0599353463249748,934.1699489265
1,"PLPT02","Pulpit Rock Tr",NA,NA,"Trail","Public","2023-01-20 00:00:41",43.3009182669312,-91.8087546894919,0.0615198626593567,936.3549882999
1,"PLPT02","Pulpit Rock Tr",NA,NA,"Trail","Public","2023-01-20 00:00:42",43.3009272445029,-91.8087818429263,0.0630226595881976,940.3805788572
1,"PLPT02","Pulpit Rock Tr",NA,NA,"Trail","Public","2023-01-20 00:00:43",43.3009473006018,-91.808779407764,0.0644126323009064,941.3779541868
1,"PLPT02","Pulpit Rock Tr",NA,NA,"Trail","Public","2023-01-20 00:00:44",43.3009498232028,-91.8087544920693,0.0656808727556105,940.1476392243
1,"PLPT02","Pulpit Rock Tr",NA,NA,"Trail","Public","2023-01-20 00:00:45",43.3009449254595,-91.8087258824008,0.0671624427728137,938.1594502449
1,"PLPT02","Pulpit Rock Tr",NA,NA,"Trail","Public","2023-01-20 00:00:46",43.3009455394208,-91.8086979837622,0.0685697063171603,937.3458019497
1,"PLPT02","Pulpit Rock Tr",NA,NA,"Trail","Public","2023-01-20 00:00:47",43.3009538394762,-91.8087219616199,0.0699075587416012,935.8563006351
1,"PLPT02","Pulpit Rock Tr",NA,NA,"Trail","Public","2023-01-20 00:00:48",43.3009650260599,-91.8087458137206,0.0713367603315205,937.5229673043
1,"PLPT02","Pulpit Rock Tr",NA,NA,"Trail","Public","2023-01-20 00:00:49",43.3009838519425,-91.8087543513395,0.0727058075845597,939.8228360742
1,"PLPT02","Pulpit Rock Tr",NA,NA,"Trail","Public","2023-01-20 00:00:50",43.3009921600426,-91.8087779812694,0.0740280695531321,942.8051195433
1,"PLPT02","Pulpit Rock Tr",NA,NA,"Trail","Public","2023-01-20 00:00:51",43.3009951218474,-91.8088151998133,0.075915700880143,942.3720486765
1,"PLPT02","Pulpit Rock Tr",NA,NA,"Trail","Public","2023-01-20 00:00:52",43.3010032530877,-91.8088411751438,0.0773405788393342,945.8038072119
1,"PLPT02","Pulpit Rock Tr",NA,NA,"Trail","Public","2023-01-20 00:00:53",43.3010137945541,-91.8088694815972,0.0789425849687023,947.9954082651
1,"PLPT02","Pulpit Rock Tr",NA,NA,"Trail","Public","2023-01-20 00:00:54",43.301020695831,-91.8088971094333,0.0804147735981106,952.1522324184
1,"PLPT02","Pulpit Rock Tr",NA,NA,"Trail","Public","2023-01-20 00:00:55",43.3010356630103,-91.8089186269207,0.0819129601568197,954.1797914766
1,"PLPT02","Pulpit Rock Tr",NA,NA,"Trail","Public","2023-01-20 00:00:56",43.3010497342283,-91.8089380489451,0.0832922702499157,955.5380591952
1,"PLPT02","Pulpit Rock Tr",NA,NA,"Trail","Public","2023-01-20 00:00:57",43.3010679242953,-91.8089597040439,0.08495627942542,957.3293977806
1,"PLPT02","Pulpit Rock Tr",NA,NA,"Trail","Public","2023-01-20 00:00:58",43.3010806984786,-91.8089913275683,0.0867783244689659,958.9993452897
1,"PLPT02","Pulpit Rock Tr",NA,NA,"Trail","Public","2023-01-20 00:00:59",43.3010923844594,-91.8090162737281,0.0882725677924707,961.2631248207
1,"PLPT02","Pulpit Rock Tr",NA,NA,"Trail","Public","2023-01-20 00:01:00",43.301103465934,-91.8090506354074,0.0901664274563502,964.0223111766
1,"PLPT02","Pulpit Rock Tr",NA,NA,"Trail","Public","2023-01-20 00:01:01",43.3011079024965,-91.8090842978279,0.0918910654960398,965.6266418877
1,"PLPT02","Pulpit Rock Tr",NA,NA,"Trail","Public","2023-01-20 00:01:02",43.3011176121389,-91.8091160139796,0.0936249619375243,968.3759857239
1,"PLPT02","Pulpit Rock Tr",NA,NA,"Trail","Public","2023-01-20 00:01:03",43.3011320839497,-91.8091595656492,0.09603737758004,968.5892403174
1,"PLPT02","Pulpit Rock Tr",NA,NA,"Trail","Public","2023-01-20 00:01:04",43.3011462515959,-91.8092014205945,0.0983632876774149,971.7322849416
1,"PLPT02","Pulpit Rock Tr",NA,NA,"Trail","Public","2023-01-20 00:01:05",43.3011509761542,-91.8092256538109,0.0996278839721602,972.9560382243
1,"PLPT02","Pulpit Rock Tr",NA,NA,"Trail","Public","2023-01-20 00:01:06",43.3011727200288,-91.8092760865146,0.102580646646183,975.7972455777
1,"PLPT02","Pulpit Rock Tr",NA,NA,"Trail","Public","2023-01-20 00:01:07",43.3011877722178,-91.8093185905442,0.104962288567373,976.9553820624
1,"PLPT02","Pulpit Rock Tr",NA,NA,"Trail","Public","2023-01-20 00:01:08",43.3012006269749,-91.8093581565972,0.107145641213515,977.5295290449
1,"PLPT02","Pulpit Rock Tr",NA,NA,"Trail","Public","2023-01-20 00:01:09",43.3012093900775,-91.8093961684275,0.109155365322325,980.1148308861
1,"PLPT02","Pulpit Rock Tr",NA,NA,"Trail","Public","2023-01-20 00:01:10",43.3012217399286,-91.8094391247089,0.111482933137613,981.791340075
1,"PLPT02","Pulpit Rock Tr",NA,NA,"Trail","Public","2023-01-20 00:01:11",43.3012372837488,-91.8094777207328,0.113705142401129,984.8195553027
1,"PLPT02","Pulpit Rock Tr",NA,NA,"Trail","Public","2023-01-20 00:01:12",43.3012529820563,-91.80951863574,0.116035363665106,987.467193102
1,"PLPT02","Pulpit Rock Tr",NA,NA,"Trail","Public","2023-01-20 00:01:13",43.3012642460074,-91.8095562843669,0.118086658800683,988.123361082
1,"PLPT02","Pulpit Rock Tr",NA,NA,"Trail","Public","2023-01-20 00:01:14",43.3012724875435,-91.809612120104,0.120958748815374,991.8438335286
1,"PLPT02","Pulpit Rock Tr",NA,NA,"Trail","Public","2023-01-20 00:01:15",43.3012866243384,-91.8096544086533,0.123303620422736,995.8923899652
1,"PLPT02","Pulpit Rock Tr",NA,NA,"Trail","Public","2023-01-20 00:01:16",43.3013000455809,-91.809700742242,0.125816730960064,995.7152246106
1,"PLPT02","Pulpit Rock Tr",NA,NA,"Trail","Public","2023-01-20 00:01:17",43.301318097864,-91.8097382313571,0.128080739106143,999.5111563749
1,"PLPT02","Pulpit Rock Tr",NA,NA,"Trail","Public","2023-01-20 00:01:18",43.3013346224647,-91.8097819848065,0.130564230693797,1000.787403096
1,"PLPT02","Pulpit Rock Tr",NA,NA,"Trail","Public","2023-01-20 00:01:19",43.3013551455295,-91.80982189322,0.133025112323991,999.7572193674
1,"PLPT02","Pulpit Rock Tr",NA,NA,"Trail","Public","2023-01-20 00:01:20",43.3013722000623,-91.8098495050894,0.134848354003991,998.0052508608
1,"PLPT02","Pulpit Rock Tr",NA,NA,"Trail","Public","2023-01-20 00:01:21",43.3014005909054,-91.8098901403489,0.137683625488928,1001.6272981104
1,"PLPT02","Pulpit Rock Tr",NA,NA,"Trail","Public","2023-01-20 00:01:22",43.3014301674492,-91.8099343282815,0.140705603985512,1004.4225737052
1,"PLPT02","Pulpit Rock Tr",NA,NA,"Trail","Public","2023-01-20 00:01:23",43.3014563132648,-91.8099766214255,0.143499305671866,1003.9730986389
1,"PLPT02","Pulpit Rock Tr",NA,NA,"Trail","Public","2023-01-20 00:01:24",43.3014736153459,-91.8100109892105,0.14560386356139,1002.7460645163
1,"PLPT02","Pulpit Rock Tr",NA,NA,"Trail","Public","2023-01-20 00:01:25",43.301502425883,-91.8100464270517,0.148277452169947,1003.0282167477
1,"PLPT02","Pulpit Rock Tr",NA,NA,"Trail","Public","2023-01-20 00:01:26",43.3015196254039,-91.8100831912001,0.150478726258696,1001.6141747508
1,"PLPT03","Pulpit Rock Tr",NA,NA,"Trail","Public","2023-01-20 00:00:01",43.3025941890921,-91.8114376513568,0,997.2998702823
1,"PLPT03","Pulpit Rock Tr",NA,NA,"Trail","Public","2023-01-20 00:00:02",43.3025693830786,-91.8114214403652,0.00189749166079812,995.0065631922
1,"PLPT03","Pulpit Rock Tr",NA,NA,"Trail","Public","2023-01-20 00:00:03",43.3025544167641,-91.811396826341,0.00351226528984307,994.9015763154
1,"PLPT03","Pulpit Rock Tr",NA,NA,"Trail","Public","2023-01-20 00:00:04",43.3025334866974,-91.8113711062841,0.00545371197671648,993.7073505918
1,"PLPT03","Pulpit Rock Tr",NA,NA,"Trail","Public","2023-01-20 00:00:05",43.3025198977459,-91.8113492325507,0.00690155173271427,996.423886029
1,"PLPT03","Pulpit Rock Tr",NA,NA,"Trail","Public","2023-01-20 00:00:06",43.302500183862,-91.8113146314462,0.00911411055923376,997.6738860309
1,"PLPT03","Pulpit Rock Tr",NA,NA,"Trail","Public","2023-01-20 00:00:07",43.3024712860478,-91.8112890576094,0.0114894366943506,996.883203615
1,"PLPT03","Pulpit Rock Tr",NA,NA,"Trail","Public","2023-01-20 00:00:08",43.3024477367992,-91.8112655569419,0.0135010842941549,997.7952771072
1,"PLPT03","Pulpit Rock Tr",NA,NA,"Trail","Public","2023-01-20 00:00:09",43.302430261235,-91.8112384559596,0.015323822010904,995.6791353717
1,"PLPT03","Pulpit Rock Tr",NA,NA,"Trail","Public","2023-01-20 00:00:10",43.3024009518328,-91.81121056281,0.0177878776499375,998.2874030922
1,"PLPT03","Pulpit Rock Tr",NA,NA,"Trail","Public","2023-01-20 00:00:11",43.3023710473552,-91.8111826330987,0.0202868143146442,995.2919962635
1,"PLPT03","Pulpit Rock Tr",NA,NA,"Trail","Public","2023-01-20 00:00:12",43.302353746258,-91.8111612670614,0.0218952009131029,994.4061694905
1,"PLPT03","Pulpit Rock Tr",NA,NA,"Trail","Public","2023-01-20 00:00:13",43.3023261112185,-91.8111428306554,0.0240173435109181,995.0360907513
1,"PLPT03","Pulpit Rock Tr",NA,NA,"Trail","Public","2023-01-20 00:00:14",43.3022993985176,-91.8111027916978,0.0267515107541032,997.7132561097
1,"PLPT03","Pulpit Rock Tr",NA,NA,"Trail","Public","2023-01-20 00:00:15",43.3022707797015,-91.8110554185056,0.0298511815037244,995.3576130615
1,"PLPT03","Pulpit Rock Tr",NA,NA,"Trail","Public","2023-01-20 00:00:16",43.3022503216509,-91.8110281541749,0.0318219989328047,996.9750671322
1,"PLPT03","Pulpit Rock Tr",NA,NA,"Trail","Public","2023-01-20 00:00:17",43.3022349337446,-91.8109992937432,0.0336235855457121,994.9671931134
1,"PLPT03","Pulpit Rock Tr",NA,NA,"Trail","Public","2023-01-20 00:00:18",43.302204303488,-91.8109724654959,0.0361337158453832,995.6955395712
1,"PLPT03","Pulpit Rock Tr",NA,NA,"Trail","Public","2023-01-20 00:00:19",43.3021752691297,-91.8109404316033,0.0387077952754789,990.2690303766
1,"PLPT03","Pulpit Rock Tr",NA,NA,"Trail","Public","2023-01-20 00:00:20",43.3021557164457,-91.810913952892,0.0406062602853115,995.3051196231
1,"PLPT03","Pulpit Rock Tr",NA,NA,"Trail","Public","2023-01-20 00:00:21",43.3021240094612,-91.8108822617027,0.0433162451603355,998.1692928558
1,"PLPT03","Pulpit Rock Tr",NA,NA,"Trail","Public","2023-01-20 00:00:22",43.3020929499529,-91.8108600529045,0.0457351567639973,998.4776918064
1,"PLPT03","Pulpit Rock Tr",NA,NA,"Trail","Public","2023-01-20 00:00:23",43.3020676440866,-91.8108409152468,0.0477308609718137,997.6213925925
1,"PLPT03","Pulpit Rock Tr",NA,NA,"Trail","Public","2023-01-20 00:00:24",43.3020486123541,-91.8108275042017,0.0492084698013196,999.0649621485
1,"PLPT03","Pulpit Rock Tr",NA,NA,"Trail","Public","2023-01-20 00:00:25",43.3020285718743,-91.810806067335,0.0509640646975183,999.0551196288
1,"PLPT03","Pulpit Rock Tr",NA,NA,"Trail","Public","2023-01-20 00:00:26",43.3020045163158,-91.8107594643991,0.0538413049693993,999.4553820966
1,"PLPT03","Pulpit Rock Tr",NA,NA,"Trail","Public","2023-01-20 00:00:27",43.3019847499524,-91.8107239338032,0.0560932033869084,998.3989516488
1,"PLPT03","Pulpit Rock Tr",NA,NA,"Trail","Public","2023-01-20 00:00:28",43.3019556207665,-91.8106862592447,0.0588593756842297,999.1010513874
1,"PLPT03","Pulpit Rock Tr",NA,NA,"Trail","Public","2023-01-20 00:00:29",43.3019386283472,-91.810665433791,0.0604337002686293,999.1830723849
1,"PLPT03","Pulpit Rock Tr",NA,NA,"Trail","Public","2023-01-20 00:00:30",43.3019044240348,-91.8106150907698,0.063900393268044,1000.4199490272
1,"PLPT03","Pulpit Rock Tr",NA,NA,"Trail","Public","2023-01-20 00:00:31",43.3018721105592,-91.8105805427559,0.0667306072130983,998.3956708089
1,"PLPT03","Pulpit Rock Tr",NA,NA,"Trail","Public","2023-01-20 00:00:32",43.3018425437863,-91.8105431029018,0.0695107708843017,998.1135185775
1,"PLPT03","Pulpit Rock Tr",NA,NA,"Trail","Public","2023-01-20 00:00:33",43.3018182185112,-91.8105050225152,0.0720614795018366,998.4678492867
1,"PLPT03","Pulpit Rock Tr",NA,NA,"Trail","Public","2023-01-20 00:00:34",43.301794688634,-91.8104668088776,0.0745815117883876,998.6712613605
1,"PLPT03","Pulpit Rock Tr",NA,NA,"Trail","Public","2023-01-20 00:00:35",43.3017713772334,-91.8104325605965,0.0769418886007181,996.6797915412
1,"PLPT03","Pulpit Rock Tr",NA,NA,"Trail","Public","2023-01-20 00:00:36",43.3017562919652,-91.8104023874784,0.0787854679894682,996.1318912779
1,"PLPT03","Pulpit Rock Tr",NA,NA,"Trail","Public","2023-01-20 00:00:37",43.3017354351494,-91.8103710453841,0.0809232627160152,994.1666681778
1,"PLPT03","Pulpit Rock Tr",NA,NA,"Trail","Public","2023-01-20 00:00:38",43.3017250044225,-91.8103455176566,0.0823980662009941,994.9311038745
1,"PLPT03","Pulpit Rock Tr",NA,NA,"Trail","Public","2023-01-20 00:00:39",43.3017115921994,-91.81032293303,0.0838656738231002,995.9219175243
1,"PLPT03","Pulpit Rock Tr",NA,NA,"Trail","Public","2023-01-20 00:00:40",43.3016965459416,-91.8102988640027,0.085463023403075,995.3477705418
1,"PLPT03","Pulpit Rock Tr",NA,NA,"Trail","Public","2023-01-20 00:00:41",43.3016777979537,-91.8102724448091,0.0873202568333352,995.5019700171
1,"PLPT03","Pulpit Rock Tr",NA,NA,"Trail","Public","2023-01-20 00:00:42",43.3016563998462,-91.8102392641891,0.089552010649658,995.374017261
1,"PLPT03","Pulpit Rock Tr",NA,NA,"Trail","Public","2023-01-20 00:00:43",43.3016311606179,-91.8102115644404,0.0917849945868709,998.4809726463
1,"PLPT03","Pulpit Rock Tr",NA,NA,"Trail","Public","2023-01-20 00:00:44",43.3016134327774,-91.8101869755671,0.0935270225076062,1000.2165369534
1,"PLPT03","Pulpit Rock Tr",NA,NA,"Trail","Public","2023-01-20 00:00:45",43.3015989332262,-91.8101611651699,0.0951687744472888,999.4225736976
1,"PLPT03","Pulpit Rock Tr",NA,NA,"Trail","Public","2023-01-20 00:00:46",43.3015844918124,-91.810135496345,0.0968024223351797,997.1719175262
1,"PLPT03","Pulpit Rock Tr",NA,NA,"Trail","Public","2023-01-20 00:00:47",43.3015624284877,-91.8101098976182,0.098798827247972,997.2047259252
1,"PLPT03","Pulpit Rock Tr",NA,NA,"Trail","Public","2023-01-20 00:00:48",43.3015438342035,-91.8100901041177,0.100424748927871,997.4048571591
1,"PLPT03","Pulpit Rock Tr",NA,NA,"Trail","Public","2023-01-20 00:00:49",43.3015196254039,-91.8100818500956,0.102146998613904,997.8969831441
1,"PLPT04","Pulpit Rock Tr",NA,"Parking area","Trail","Public","2023-01-20 00:00:01",43.3025961382815,-91.8114350245436,0,978.6122062119
1,"PLPT04","Pulpit Rock Tr",NA,"Parking area","Trail","Public","2023-01-20 00:00:02",43.3025952554248,-91.8114106558308,0.00123012683916456,995.2591878645
1,"PLPT04","Pulpit Rock Tr",NA,"Parking area","Trail","Public","2023-01-20 00:00:03",43.3025927682226,-91.8113752526652,0.0030233146534609,994.0059070227
1,"PLPT04","Pulpit Rock Tr",NA,"Parking area","Trail","Public","2023-01-20 00:00:04",43.30258393807,-91.811350812477,0.004398068322301,991.830710169
1,"PLPT04","Pulpit Rock Tr",NA,"Parking area","Trail","Public","2023-01-20 00:00:05",43.30258514944,-91.8113237939341,0.00576284761588998,990.5052508494
1,"PLPT04","Pulpit Rock Tr",NA,"Parking area","Trail","Public","2023-01-20 00:00:06",43.3025662443413,-91.8113044998778,0.00739057891176493,987.729660294
1,"PLPT04","Pulpit Rock Tr",NA,"Parking area","Trail","Public","2023-01-20 00:00:07",43.3025723379626,-91.811269717433,0.00919398120425063,988.2185054391
1,"PLPT04","Pulpit Rock Tr",NA,"Parking area","Trail","Public","2023-01-20 00:00:08",43.3025661845936,-91.811245742389,0.010475217508389,988.7007889044
1,"PLPT04","Pulpit Rock Tr",NA,"Parking area","Trail","Public","2023-01-20 00:00:09",43.3025739287875,-91.8112159435533,0.0120698915798981,982.1030198655
1,"PLPT04","Pulpit Rock Tr",NA,"Parking area","Trail","Public","2023-01-20 00:00:10",43.3026027260301,-91.8112563003103,0.0149145394624026,979.9146996522
1,"PLPT04","Pulpit Rock Tr",NA,"Parking area","Trail","Public","2023-01-20 00:00:11",43.3026445892667,-91.811282584399,0.0180938446847538,981.7716550356
1,"PLPT04","Pulpit Rock Tr",NA,"Parking area","Trail","Public","2023-01-20 00:00:12",43.3026686783234,-91.8113174041734,0.0205119629196489,980.8038072651
1,"PLPT04","Pulpit Rock Tr",NA,"Parking area","Trail","Public","2023-01-20 00:00:13",43.3026832896168,-91.8113365788507,0.0219091031381701,978.2381904633
1,"PLPT04","Pulpit Rock Tr",NA,"Parking area","Trail","Public","2023-01-20 00:00:14",43.3027090107039,-91.8113484233017,0.023782446000532,978.7007888892
1,"PLPT04","Pulpit Rock Tr",NA,"Parking area","Trail","Public","2023-01-20 00:00:15",43.3027268163839,-91.8113210439663,0.0256307988618698,975.4560382281
1,"PLPT04","Pulpit Rock Tr",NA,"Parking area","Trail","Public","2023-01-20 00:00:16",43.3027048244331,-91.8112983859431,0.0275307626343674,969.5734922874
1,"PLPT04","Pulpit Rock Tr",NA,"Parking area","Trail","Public","2023-01-20 00:00:17",43.3026919904236,-91.811277625388,0.0289020869305004,967.5557757489
1,"PLPT04","Pulpit Rock Tr",NA,"Parking area","Trail","Public","2023-01-20 00:00:18",43.3026755572846,-91.8112453084529,0.030887460622639,965.7644371635
1,"PLPT04","Pulpit Rock Tr",NA,"Parking area","Trail","Public","2023-01-20 00:00:19",43.3026719376216,-91.8112003514412,0.0331678218075717,965.6594502867
1,"PLPT04","Pulpit Rock Tr",NA,"Parking area","Trail","Public","2023-01-20 00:00:20",43.3026532129166,-91.811176665706,0.0349276393456081,964.009187817
1,"PLPT04","Pulpit Rock Tr",NA,"Parking area","Trail","Public","2023-01-20 00:00:21",43.3026260584413,-91.8111453976612,0.0373769721135592,962.5853033004
1,"PLPT04","Pulpit Rock Tr",NA,"Parking area","Trail","Public","2023-01-20 00:00:22",43.3026054309962,-91.8111204821987,0.0392758445198337,961.3713925374
1,"PLPT04","Pulpit Rock Tr",NA,"Parking area","Trail","Public","2023-01-20 00:00:23",43.3025805511524,-91.8110861989894,0.0417125624364006,958.7467206174
1,"PLPT04","Pulpit Rock Tr",NA,"Parking area","Trail","Public","2023-01-20 00:00:24",43.3025668501912,-91.8110539104272,0.0435952993524914,959.284778361
1,"PLPT04","Pulpit Rock Tr",NA,"Parking area","Trail","Public","2023-01-20 00:00:25",43.3025562420305,-91.8110253053361,0.0452127805082283,957.3228361008
1,"PLPT04","Pulpit Rock Tr",NA,"Parking area","Trail","Public","2023-01-20 00:00:26",43.3025410875507,-91.8110107044842,0.0464919860594907,957.9625998813
1,"PLPT04","Pulpit Rock Tr",NA,"Parking area","Trail","Public","2023-01-20 00:00:27",43.3025239158926,-91.8110085533102,0.047682354489584,958.1430460758
1,"PLPT04","Pulpit Rock Tr",NA,"Parking area","Trail","Public","2023-01-20 00:00:28",43.3025013087083,-91.8109906308678,0.0494857236489099,957.0406838694
1,"PLPT04","Pulpit Rock Tr",NA,"Parking area","Trail","Public","2023-01-20 00:00:29",43.3024858162549,-91.8109734608264,0.0508616661776643,956.7158807193
1,"PLPT04","Pulpit Rock Tr",NA,"Parking area","Trail","Public","2023-01-20 00:00:30",43.3024710616413,-91.8109494822178,0.0524424970418478,958.4448833466
1,"PLPT04","Pulpit Rock Tr",NA,"Parking area","Trail","Public","2023-01-20 00:00:31",43.3024522244697,-91.8109265155285,0.0541837116762062,957.1161431871
1,"PLPT04","Pulpit Rock Tr",NA,"Parking area","Trail","Public","2023-01-20 00:00:32",43.3024465291018,-91.8108873196812,0.0561986157060083,955.8759857049
1,"PLPT04","Pulpit Rock Tr",NA,"Parking area","Trail","Public","2023-01-20 00:00:33",43.3024422374048,-91.8108569903675,0.0577561925137307,953.379266541
1,"PLPT04","Pulpit Rock Tr",NA,"Parking area","Trail","Public","2023-01-20 00:00:34",43.3024285815388,-91.8108340212393,0.0592494421728985,952.9757232333
1,"PLPT04","Pulpit Rock Tr",NA,"Parking area","Trail","Public","2023-01-20 00:00:35",43.3024279241686,-91.8108083130269,0.0605463906039661,953.280841344
1,"PLPT04","Pulpit Rock Tr",NA,"Parking area","Trail","Public","2023-01-20 00:00:36",43.3024093064556,-91.8107741325269,0.0626961919533971,950.5839909462
1,"PLPT04","Pulpit Rock Tr",NA,"Parking area","Trail","Public","2023-01-20 00:00:37",43.302391655847,-91.8107529180987,0.0643175225332452,946.5715237485
1,"PLPT04","Pulpit Rock Tr",NA,"Parking area","Trail","Public","2023-01-20 00:00:38",43.3023624521207,-91.810734028038,0.0665471960654015,945.4265106234
1,"PLPT04","Pulpit Rock Tr",NA,"Parking area","Trail","Public","2023-01-20 00:00:39",43.3023504829522,-91.8106978776754,0.0685483699969739,946.1548570812
1,"PLPT04","Pulpit Rock Tr",NA,"Parking area","Trail","Public","2023-01-20 00:00:40",43.3023340056664,-91.8106785651871,0.0700456846301086,944.5111562913
1,"PLPT04","Pulpit Rock Tr",NA,"Parking area","Trail","Public","2023-01-20 00:00:41",43.3023151293698,-91.8106572444934,0.0717349342625143,945.0098439561
1,"PLPT04","Pulpit Rock Tr",NA,"Parking area","Trail","Public","2023-01-20 00:00:42",43.3022984164966,-91.8106418733464,0.0731248001471906,945.1935709905
1,"PLPT04","Pulpit Rock Tr",NA,"Parking area","Trail","Public","2023-01-20 00:00:43",43.3022816845769,-91.810599045113,0.0755736376487805,946.2500014383
1,"PLPT04","Pulpit Rock Tr",NA,"Parking area","Trail","Public","2023-01-20 00:00:44",43.3022693922969,-91.8105720369891,0.0771781004143483,946.4632560318
1,"PLPT04","Pulpit Rock Tr",NA,"Parking area","Trail","Public","2023-01-20 00:00:45",43.3022529509757,-91.8105457662328,0.0789223990254258,939.3175867296
1,"PLPT04","Pulpit Rock Tr",NA,"Parking area","Trail","Public","2023-01-20 00:00:46",43.3022482916145,-91.8105122685219,0.0806416450543786,941.568242901
1,"PLPT04","Pulpit Rock Tr",NA,"Parking area","Trail","Public","2023-01-20 00:00:47",43.3022489050066,-91.8104788819343,0.0823254643887628,941.5091877828
1,"PLPT04","Pulpit Rock Tr",NA,"Parking area","Trail","Public","2023-01-20 00:00:48",43.3022347342127,-91.8104496912013,0.0840926674508413,937.5492140235
1,"PLPT04","Pulpit Rock Tr",NA,"Parking area","Trail","Public","2023-01-20 00:00:49",43.3022264468658,-91.8104172533773,0.0858252975491399,935.2329410541
1,"PLPT04","Pulpit Rock Tr",NA,"Parking area","Trail","Public","2023-01-20 00:00:50",43.3022094485737,-91.8103979130757,0.0873510119854878,929.1896339583
1,"PLPT04","Pulpit Rock Tr",NA,"Parking area","Trail","Public","2023-01-20 00:00:51",43.3021937746978,-91.8103550381029,0.0897683667331424,928.4973767394
1,"PLPT04","Pulpit Rock Tr",NA,"Parking area","Trail","Public","2023-01-20 00:00:52",43.3021778644611,-91.8103150243704,0.0920653896030299,925.885828179
1,"PLPT04","Pulpit Rock Tr",NA,"Parking area","Trail","Public","2023-01-20 00:00:53",43.3021619902652,-91.8102778291822,0.0942374112553937,925.52493579
1,"PLPT04","Pulpit Rock Tr",NA,"Parking area","Trail","Public","2023-01-20 00:00:54",43.3022004294076,-91.8103005341541,0.097127382871361,922.5820223997
1,"PLPT04","Pulpit Rock Tr",NA,"Parking area","Trail","Public","2023-01-20 00:00:55",43.3022342807403,-91.8103290572004,0.0998712911010104,922.3622061264
1,"PLPT04","Pulpit Rock Tr",NA,"Parking area","Trail","Public","2023-01-20 00:00:56",43.3022501435878,-91.8103453974482,0.10124165122512,918.9763793496
1,"PLPT04","Pulpit Rock Tr",NA,"Parking area","Trail","Public","2023-01-20 00:00:57",43.3022888110452,-91.810344206382,0.10391167090052,916.8832034934
1,"PLPT04","Pulpit Rock Tr",NA,"Parking area","Trail","Public","2023-01-20 00:00:58",43.3023177515718,-91.8103382913702,0.105931667968657,913.681103751
1,"PLPT04","Pulpit Rock Tr",NA,"Parking area","Trail","Public","2023-01-20 00:00:59",43.3023430634194,-91.8103418645558,0.107688292051071,912.3523635915
1,"PLPT04","Pulpit Rock Tr",NA,"Parking area","Trail","Public","2023-01-20 00:01:00",43.3023733767744,-91.8103539275616,0.109867514155809,910.6463268435
1,"PLPT04","Pulpit Rock Tr",NA,"Parking area","Trail","Public","2023-01-20 00:01:01",43.3023969368918,-91.8103776077683,0.111885112249388,909.9540696246
1,"PLPT04","Pulpit Rock Tr",NA,"Parking area","Trail","Public","2023-01-20 00:01:02",43.3024159983636,-91.8103859000761,0.113265809510402,909.7900276296
1,"PLPT04","Pulpit Rock Tr",NA,"Parking area","Trail","Public","2023-01-20 00:01:03",43.3024180233351,-91.8103513170359,0.115015009084106,904.1272979622
1,"PLPT04","Pulpit Rock Tr",NA,"Parking area","Trail","Public","2023-01-20 00:01:04",43.3023966685409,-91.8103264069617,0.116951646856815,903.5498701398
1,"PLPT04","Pulpit Rock Tr",NA,"Parking area","Trail","Public","2023-01-20 00:01:05",43.3023787372508,-91.8102724510407,0.119940388193668,902.5721798496
1,"PLPT04","Pulpit Rock Tr",NA,"Parking area","Trail","Public","2023-01-20 00:01:06",43.3023592404479,-91.8102416018008,0.121997244506417,900.7447520253
1,"PLPT04","Pulpit Rock Tr",NA,"Parking area","Trail","Public","2023-01-20 00:01:07",43.3023338309507,-91.8102072174922,0.124463456441595,899.5472454618
1,"PLPT04","Pulpit Rock Tr",NA,"Parking area","Trail","Public","2023-01-20 00:01:08",43.3023052030061,-91.8101608039525,0.12752640571964,900.4068255156
1,"PLPT04","Pulpit Rock Tr",NA,"Parking area","Trail","Public","2023-01-20 00:01:09",43.3022756807103,-91.8101256418915,0.130227583872161,898.7926522848
1,"PLPT04","Pulpit Rock Tr",NA,"Parking area","Trail","Public","2023-01-20 00:01:10",43.3022603046819,-91.810102804544,0.131793613775234,899.4258543855
1,"PLPT04","Pulpit Rock Tr",NA,"Parking area","Trail","Public","2023-01-20 00:01:11",43.3022417431118,-91.8100820348989,0.133448442225271,899.9146995306
1,"PLPT04","Pulpit Rock Tr",NA,"Parking area","Trail","Public","2023-01-20 00:01:12",43.3022207695636,-91.8100661077045,0.135104092774987,899.3700801072
1,"PLPT04","Pulpit Rock Tr",NA,"Parking area","Trail","Public","2023-01-20 00:01:13",43.3022015554002,-91.8100390909666,0.137005352684156,899.8982953311
1,"PLPT04","Pulpit Rock Tr",NA,"Parking area","Trail","Public","2023-01-20 00:01:14",43.3021836093796,-91.8100119664253,0.138850630612153,899.5702113411
1,"PLPT04","Pulpit Rock Tr",NA,"Parking area","Trail","Public","2023-01-20 00:01:15",43.3021707717606,-91.8099885899397,0.140325244720505,900.7513137051
1,"PLPT04","Pulpit Rock Tr",NA,"Parking area","Trail","Public","2023-01-20 00:01:16",43.3021558254544,-91.809970573356,0.141699915703894,899.1371404743
1,"PLPT04","Pulpit Rock Tr",NA,"Parking area","Trail","Public","2023-01-20 00:01:17",43.3021456870508,-91.8099437392796,0.143223151356333,899.2519698708
1,"PLPT04","Pulpit Rock Tr",NA,"Parking area","Trail","Public","2023-01-20 00:01:18",43.302134107015,-91.8099085449992,0.145169341803262,899.1896339127
1,"PLPT04","Pulpit Rock Tr",NA,"Parking area","Trail","Public","2023-01-20 00:01:19",43.3021188649155,-91.8098686664414,0.147438632110052,894.8851719639
1,"PLPT04","Pulpit Rock Tr",NA,"Parking area","Trail","Public","2023-01-20 00:01:20",43.3020854662129,-91.8098344437199,0.150318401530655,892.6607625117
1,"PLPT04","Pulpit Rock Tr",NA,"Parking area","Trail","Public","2023-01-20 00:01:21",43.3020553494196,-91.8098229901889,0.152476171500004,895.0098438801
1,"PLPT04","Pulpit Rock Tr",NA,"Parking area","Trail","Public","2023-01-20 00:01:22",43.3020374633661,-91.8097735966233,0.155255801117053,894.717849129
1,"PLPT04","Pulpit Rock Tr",NA,"Parking area","Trail","Public","2023-01-20 00:01:23",43.3020232668053,-91.8097259682196,0.157849428890759,894.0846470283
1,"PLPT04","Pulpit Rock Tr",NA,"Parking area","Trail","Public","2023-01-20 00:01:24",43.3020057339216,-91.8096940181933,0.159864333386591,890.9842533228
1,"PLPT04","Pulpit Rock Tr",NA,"Parking area","Trail","Public","2023-01-20 00:01:25",43.3019919187359,-91.8096676514706,0.161500416977589,888.5662743165
1,"PLPT04","Pulpit Rock Tr",NA,"Parking area","Trail","Public","2023-01-20 00:01:26",43.3019926057236,-91.8096382459362,0.16298375138868,887.0472454428
1,"PLPT04","Pulpit Rock Tr",NA,"Parking area","Trail","Public","2023-01-20 00:01:27",43.3020253182559,-91.8096034084511,0.165844663563364,881.332022337
1,"PLPT05","Pulpit Rock Tr","Parking area",NA,"Trail","Public","2023-01-20 00:00:01",43.3015108414479,-91.8086911247214,0,863.4875341209
1,"PLPT05","Pulpit Rock Tr","Parking area",NA,"Trail","Public","2023-01-20 00:00:02",43.3015001212077,-91.8086867412027,0.000772350906460926,858.0085314879
1,"PLPT05","Pulpit Rock Tr","Parking area",NA,"Trail","Public","2023-01-20 00:00:03",43.3014842075764,-91.8086749822217,0.00202069230302274,854.0912086473
1,"PLPT05","Pulpit Rock Tr","Parking area",NA,"Trail","Public","2023-01-20 00:00:04",43.3014661570839,-91.8086611184979,0.00344943937871535,850.4035445997
1,"PLPT05","Pulpit Rock Tr","Parking area",NA,"Trail","Public","2023-01-20 00:00:05",43.3014510273251,-91.8086438589911,0.00480890389727242,850.7021010306
1,"PLPT05","Pulpit Rock Tr","Parking area",NA,"Trail","Public","2023-01-20 00:00:06",43.3014336286084,-91.8086288118829,0.00622953048125648,852.69029001
1,"PLPT05","Pulpit Rock Tr","Parking area",NA,"Trail","Public","2023-01-20 00:00:07",43.3014197043992,-91.8086073726598,0.0076760436059894,856.1417335848
1,"PLPT05","Pulpit Rock Tr","Parking area",NA,"Trail","Public","2023-01-20 00:00:08",43.3014009725738,-91.8086013390288,0.00900446497143698,854.4422585166
1,"PLPT05","Pulpit Rock Tr","Parking area",NA,"Trail","Public","2023-01-20 00:00:09",43.3013821399689,-91.8086013551027,0.0103045429100098,855.8595813534
1,"PLPT05","Pulpit Rock Tr","Parking area",NA,"Trail","Public","2023-01-20 00:00:10",43.3013617146171,-91.808613006145,0.011832044493598,856.036746708
1,"PLPT05","Pulpit Rock Tr","Parking area",NA,"Trail","Public","2023-01-20 00:00:11",43.3013504600397,-91.8086414644971,0.0134637280156428,853.8287414553
1,"PLPT05","Pulpit Rock Tr","Parking area",NA,"Trail","Public","2023-01-20 00:00:12",43.3013313575054,-91.8086581812163,0.0150287759528791,858.6318910689
1,"PLPT05","Pulpit Rock Tr","Parking area",NA,"Trail","Public","2023-01-20 00:00:13",43.3013077550341,-91.8086710331353,0.0167822531070911,860.9678490777
1,"PLPT05","Pulpit Rock Tr","Parking area",NA,"Trail","Public","2023-01-20 00:00:14",43.3012881809369,-91.80867249446,0.0181355256428822,867.3687677226
1,"PLPT05","Pulpit Rock Tr","Parking area",NA,"Trail","Public","2023-01-20 00:00:15",43.3012664373313,-91.8086846528874,0.0197569104093168,869.3011824237
1,"PLPT06","Pulpit Rock Tr",NA,NA,"Trail","Public","2023-01-20 00:00:01",43.3015196254039,-91.8100831912001,0,1001.6141747508
1,"PLPT06","Pulpit Rock Tr",NA,NA,"Trail","Public","2023-01-20 00:00:02",43.3015147454291,-91.8101167188128,0.00172365872602289,1003.4251983756
1,"PLPT06","Pulpit Rock Tr",NA,NA,"Trail","Public","2023-01-20 00:00:03",43.3015110328864,-91.8101452923422,0.00318691719198987,1000.5610251429
1,"PLPT06","Pulpit Rock Tr",NA,NA,"Trail","Public","2023-01-20 00:00:04",43.3014916342933,-91.810183027118,0.00551349629129078,1002.9658807896
1,"PLPT06","Pulpit Rock Tr",NA,NA,"Trail","Public","2023-01-20 00:00:05",43.3014779926891,-91.8102275813249,0.00794927149792141,1006.8044634726
1,"PLPT06","Pulpit Rock Tr",NA,NA,"Trail","Public","2023-01-20 00:00:06",43.301459187526,-91.8102713250011,0.0105084719437434,1009.612862427
1,"PLPT06","Pulpit Rock Tr",NA,NA,"Trail","Public","2023-01-20 00:00:07",43.3014371098694,-91.8103229642905,0.0135253457613007,1011.7979018004
1,"PLPT06","Pulpit Rock Tr",NA,NA,"Trail","Public","2023-01-20 00:00:08",43.3014252639675,-91.8103793513266,0.0164835838198782,1015.255907055
1,"PLPT06","Pulpit Rock Tr",NA,NA,"Trail","Public","2023-01-20 00:00:09",43.3014256622787,-91.8104141309445,0.0182373437374896,1014.698164272
1,"PLPT06","Pulpit Rock Tr",NA,NA,"Trail","Public","2023-01-20 00:00:10",43.3014213943524,-91.8104678322604,0.0209608794919291,1016.7027574509
1,"PLPT06","Pulpit Rock Tr",NA,NA,"Trail","Public","2023-01-20 00:00:11",43.3014296071655,-91.8105144683156,0.0233795978328349,1018.4776918368
1,"PLPT06","Pulpit Rock Tr",NA,NA,"Trail","Public","2023-01-20 00:00:12",43.3014378671754,-91.8105614032974,0.0258137312126094,1019.5242797649
1,"PLPT06","Pulpit Rock Tr",NA,NA,"Trail","Public","2023-01-20 00:00:13",43.3014573201708,-91.8106032217331,0.0283135071407448,1017.683728581
1,"PLPT06","Pulpit Rock Tr",NA,NA,"Trail","Public","2023-01-20 00:00:14",43.3014611602588,-91.8106362002386,0.0299972404856949,1019.8359595554
1,"PLPT06","Pulpit Rock Tr",NA,NA,"Trail","Public","2023-01-20 00:00:15",43.3014785136068,-91.8106763054571,0.0323475182029825,1019.8326787155
1,"PLPT06","Pulpit Rock Tr",NA,NA,"Trail","Public","2023-01-20 00:00:16",43.3014887720987,-91.8107252690011,0.0349157637576144,1021.1089254366
1,"PLPT06","Pulpit Rock Tr",NA,NA,"Trail","Public","2023-01-20 00:00:17",43.301501180163,-91.8107727238962,0.0374570842349904,1019.5505264841
1,"PLPT06","Pulpit Rock Tr",NA,NA,"Trail","Public","2023-01-20 00:00:18",43.3015213588713,-91.8108261248309,0.0404885026543525,1021.3943585079
1,"PLPT06","Pulpit Rock Tr",NA,NA,"Trail","Public","2023-01-20 00:00:19",43.3015425285673,-91.8108673022563,0.0430273934963161,1020.2723112621
1,"PLPT06","Pulpit Rock Tr",NA,NA,"Trail","Public","2023-01-20 00:00:20",43.3015650907332,-91.8109035445633,0.0454284174097033,1020.5216550945
1,"PLPT06","Pulpit Rock Tr",NA,NA,"Trail","Public","2023-01-20 00:00:21",43.3015978191769,-91.8109358593131,0.0482139485415759,1021.6666682196
1,"PLPT06","Pulpit Rock Tr",NA,NA,"Trail","Public","2023-01-20 00:00:22",43.3016239478458,-91.8109602744135,0.050397709263091,1022.7952771452
1,"PLPT06","Pulpit Rock Tr",NA,NA,"Trail","Public","2023-01-20 00:00:23",43.3016517989658,-91.8109848854636,0.0526860108342057,1024.9770356787
1,"PLPT06","Pulpit Rock Tr",NA,NA,"Trail","Public","2023-01-20 00:00:24",43.3016862061296,-91.8110138046754,0.0554730745991302,1023.1135186155
1,"PLPT06","Pulpit Rock Tr",NA,NA,"Trail","Public","2023-01-20 00:00:25",43.3017176151927,-91.8110372935303,0.0579436836936116,1022.7099753078
1,"PLPT06","Pulpit Rock Tr",NA,NA,"Trail","Public","2023-01-20 00:00:26",43.3017585751309,-91.811056798957,0.0609374227282836,1021.8077443353
1,"PLPT06","Pulpit Rock Tr",NA,NA,"Trail","Public","2023-01-20 00:00:27",43.3017872026193,-91.8110745363644,0.0631065996876987,1022.8937023422
1,"PLPT06","Pulpit Rock Tr",NA,NA,"Trail","Public","2023-01-20 00:00:28",43.3018215943769,-91.8111077037954,0.0660105867065074,1024.3175868588
1,"PLPT06","Pulpit Rock Tr",NA,NA,"Trail","Public","2023-01-20 00:00:29",43.301857224441,-91.8111382259163,0.0689119795803524,1023.753282396
1,"PLPT06","Pulpit Rock Tr",NA,NA,"Trail","Public","2023-01-20 00:00:30",43.3019004202579,-91.8111724371057,0.0723568628888131,1024.2093191421
1,"PLPT06","Pulpit Rock Tr",NA,NA,"Trail","Public","2023-01-20 00:00:31",43.3019359917539,-91.8112077910009,0.0753912190864637,1024.1765107431
1,"PLPT06","Pulpit Rock Tr",NA,NA,"Trail","Public","2023-01-20 00:00:32",43.3019655979007,-91.8112264038887,0.077640178108326,1024.1404215042
1,"PLPT06","Pulpit Rock Tr",NA,NA,"Trail","Public","2023-01-20 00:00:33",43.3019961097746,-91.8112366021864,0.0798083655519047,1023.5990829207
1,"PLPT06","Pulpit Rock Tr",NA,NA,"Trail","Public","2023-01-20 00:00:34",43.3020321602923,-91.8112468397972,0.0823500169522178,1022.63779683
1,"PLPT06","Pulpit Rock Tr",NA,NA,"Trail","Public","2023-01-20 00:00:35",43.3020666666809,-91.811261096217,0.0848381910017538,1020.2919963015
1,"PLPT06","Pulpit Rock Tr",NA,NA,"Trail","Public","2023-01-20 00:00:36",43.3020991748819,-91.81127324937,0.0871644884696169,1017.0374031207
1,"PLPT06","Pulpit Rock Tr",NA,NA,"Trail","Public","2023-01-20 00:00:37",43.3021308840611,-91.8113009423635,0.0897608588895611,1017.618111783
1,"PLPT06","Pulpit Rock Tr",NA,NA,"Trail","Public","2023-01-20 00:00:38",43.302158232314,-91.8113207123574,0.0918957749492744,1017.5131249062
1,"PLPT06","Pulpit Rock Tr",NA,NA,"Trail","Public","2023-01-20 00:00:39",43.3022039385946,-91.8113590164076,0.095595133576156,1017.4475081082
1,"PLPT06","Pulpit Rock Tr",NA,NA,"Trail","Public","2023-01-20 00:00:40",43.3022389325052,-91.8113929569742,0.0985555560219805,1017.0374031207
1,"PLPT06","Pulpit Rock Tr",NA,NA,"Trail","Public","2023-01-20 00:00:41",43.3022747599319,-91.8114311420874,0.101689821242736,1017.8543322558
1,"PLPT06","Pulpit Rock Tr",NA,NA,"Trail","Public","2023-01-20 00:00:42",43.3023067770738,-91.8114622484375,0.104399957338713,1019.1568256961
1,"PLPT06","Pulpit Rock Tr",NA,NA,"Trail","Public","2023-01-20 00:00:43",43.302339420503,-91.8114974160548,0.107267362398402,1017.9297915735
1,"PLPT06","Pulpit Rock Tr",NA,NA,"Trail","Public","2023-01-20 00:00:44",43.3023724059398,-91.8115347441912,0.110221532367995,1015.5380592864
1,"PLPT06","Pulpit Rock Tr",NA,NA,"Trail","Public","2023-01-20 00:00:45",43.3024116636763,-91.8115647801322,0.113326022998988,1014.9737548236
1,"PLPT06","Pulpit Rock Tr",NA,NA,"Trail","Public","2023-01-20 00:00:46",43.3024447430501,-91.8115991557486,0.116192821858965,1014.8490829074
1,"PLPT06","Pulpit Rock Tr",NA,NA,"Trail","Public","2023-01-20 00:00:47",43.3024746686431,-91.8116312560066,0.118817150438168,1014.8031511488
1,"PLPT06","Pulpit Rock Tr",NA,NA,"Trail","Public","2023-01-20 00:00:48",43.3025084429319,-91.8116587712118,0.121530196860571,1015.912075035
1,"PLPT06","Pulpit Rock Tr",NA,NA,"Trail","Public","2023-01-20 00:00:49",43.3025426468516,-91.8116955244358,0.124531695451606,1015.9022325153
1,"PLPT06","Pulpit Rock Tr",NA,NA,"Trail","Public","2023-01-20 00:00:50",43.3025765166837,-91.8117221091143,0.127226774495825,1012.500001539
1,"PLPT06","Pulpit Rock Tr",NA,NA,"Trail","Public","2023-01-20 00:00:51",43.3026101805078,-91.8117523376067,0.130005870392718,1012.2440960268
1,"PLPT06","Pulpit Rock Tr",NA,NA,"Trail","Public","2023-01-20 00:00:52",43.3026468231524,-91.8117883894503,0.133120763470481,1011.1909464189
1,"PLPT06","Pulpit Rock Tr",NA,NA,"Trail","Public","2023-01-20 00:00:53",43.3026734991609,-91.8118174621886,0.135474433636143,1009.5898965477
1,"PLPT06","Pulpit Rock Tr",NA,NA,"Trail","Public","2023-01-20 00:00:54",43.3027129197974,-91.8118460902322,0.13855485133081,1008.6975080949
1,"PLPT06","Pulpit Rock Tr",NA,NA,"Trail","Public","2023-01-20 00:00:55",43.3027532996426,-91.8118815496419,0.141866441420605,1009.4192928729
1,"PLPT06","Pulpit Rock Tr",NA,NA,"Trail","Public","2023-01-20 00:00:56",43.3027907779591,-91.8119112868766,0.14485671339261,1009.6259857866
1,"PLPT06","Pulpit Rock Tr",NA,NA,"Trail","Public","2023-01-20 00:00:57",43.3028153255451,-91.8119350065469,0.146930798039284,1011.2335973376
1,"PLPT06","Pulpit Rock Tr",NA,NA,"Trail","Public","2023-01-20 00:00:58",43.3028438150095,-91.811971622529,0.149628212716635,1010.7874031112
1,"PLPT06","Pulpit Rock Tr",NA,NA,"Trail","Public","2023-01-20 00:00:59",43.3028740408062,-91.8120012994987,0.152195815770921,1011.1712613795
1,"PLPT06","Pulpit Rock Tr",NA,NA,"Trail","Public","2023-01-20 00:01:00",43.3029002317607,-91.8120311205903,0.154547320159392,1009.8293978604
1,"PLPT06","Pulpit Rock Tr",NA,NA,"Trail","Public","2023-01-20 00:01:01",43.3029329010741,-91.8120654154083,0.157389132887808,1008.7335973338
1,"PLPT06","Pulpit Rock Tr",NA,NA,"Trail","Public","2023-01-20 00:01:02",43.3029660285956,-91.8121030741774,0.160361478920868,1007.8379280411
1,"PLPT06","Pulpit Rock Tr",NA,NA,"Trail","Public","2023-01-20 00:01:03",43.3029976558197,-91.812134918622,0.163071576029593,1009.2585317178
1,"PLPT06","Pulpit Rock Tr",NA,NA,"Trail","Public","2023-01-20 00:01:04",43.3030207873573,-91.8121620880859,0.16517545688232,1009.1797915602
1,"PLPT06","Pulpit Rock Tr",NA,NA,"Trail","Public","2023-01-20 00:01:05",43.3030489155185,-91.8121970184721,0.167796904371596,1008.3300540261
1,"PLPT06","Pulpit Rock Tr",NA,NA,"Trail","Public","2023-01-20 00:01:06",43.303082140195,-91.8122268257587,0.170538997736089,1007.7821537628
1,"PLPT06","Pulpit Rock Tr",NA,NA,"Trail","Public","2023-01-20 00:01:07",43.3031003565091,-91.8122536420886,0.172385431439348,1005.2690303994
1,"PLPT06","Pulpit Rock Tr",NA,NA,"Trail","Public","2023-01-20 00:01:08",43.303124672977,-91.8122885183318,0.174816421738161,1005.6496078278
1,"PLPT06","Pulpit Rock Tr",NA,NA,"Trail","Public","2023-01-20 00:01:09",43.3031585752516,-91.8123240741737,0.177764461645681,1004.5111563825
1,"PLPT06","Pulpit Rock Tr",NA,NA,"Trail","Public","2023-01-20 00:01:10",43.303188066031,-91.8123562968118,0.180369059524667,1003.5236235726
1,"PLPT06","Pulpit Rock Tr",NA,NA,"Trail","Public","2023-01-20 00:01:11",43.3032158647722,-91.8123811937887,0.182662166226692,1005.4724424732
1,"PLPT06","Pulpit Rock Tr",NA,NA,"Trail","Public","2023-01-20 00:01:12",43.3032455599735,-91.8124083225554,0.185126531401063,1006.9652246277
1,"PLPT06","Pulpit Rock Tr",NA,NA,"Trail","Public","2023-01-20 00:01:13",43.3032755607117,-91.8124340133104,0.187569264576061,1006.7454083544
1,"PLPT06","Pulpit Rock Tr",NA,NA,"Trail","Public","2023-01-20 00:01:14",43.3033122906934,-91.8124639775876,0.190520789151808,1004.9114188503
1,"PLPT06","Pulpit Rock Tr",NA,NA,"Trail","Public","2023-01-20 00:01:15",43.3033575227178,-91.8124898404446,0.193904627586808,1004.133859794
1,"PLPT06","Pulpit Rock Tr",NA,NA,"Trail","Public","2023-01-20 00:01:16",43.3033949369781,-91.812523355813,0.196991093689344,1004.724410976
1,"PLPT06","Pulpit Rock Tr",NA,NA,"Trail","Public","2023-01-20 00:01:17",43.3034215517122,-91.8125488340051,0.199232906047972,1003.805775804
1,"PLPT06","Pulpit Rock Tr",NA,NA,"Trail","Public","2023-01-20 00:01:18",43.3034620119647,-91.8125727542803,0.202275250850832,1004.1174555945
1,"PLPT06","Pulpit Rock Tr",NA,NA,"Trail","Public","2023-01-20 00:01:19",43.3034977650313,-91.8126003965038,0.205109685016989,1002.4343847258
1,"PLPT06","Pulpit Rock Tr",NA,NA,"Trail","Public","2023-01-20 00:01:20",43.3035265873053,-91.8126133845199,0.207204365445368,1002.3917338071
1,"PLPT06","Pulpit Rock Tr",NA,NA,"Trail","Public","2023-01-20 00:01:21",43.3035492898624,-91.8126389084928,0.209232217629001,1000.6692928596
1,"PLPT08","Pulpit Rock Tr",NA,"Private Road","Trail","Public","2023-01-20 00:00:01",43.3035492898624,-91.8126389084928,0,1000.6692928596
1,"PLPT08","Pulpit Rock Tr",NA,"Private Road","Trail","Public","2023-01-20 00:00:02",43.3035752882679,-91.812660905024,0.00210974694904324,1000.2559070322
1,"PLPT08","Pulpit Rock Tr",NA,"Private Road","Trail","Public","2023-01-20 00:00:03",43.3036028584983,-91.8126792496646,0.00422583428966065,1000.4986891848
1,"PLPT08","Pulpit Rock Tr",NA,"Private Road","Trail","Public","2023-01-20 00:00:04",43.3036326756652,-91.812698062565,0.0064922316195067,999.737534328
1,"PLPT08","Pulpit Rock Tr",NA,"Private Road","Trail","Public","2023-01-20 00:00:05",43.3036630857445,-91.8127225287019,0.00892711202183998,998.3103689715
1,"PLPT08","Pulpit Rock Tr",NA,"Private Road","Trail","Public","2023-01-20 00:00:06",43.3036890407601,-91.8127515570381,0.0112406151782336,1001.5026261942
1,"PLPT08","Pulpit Rock Tr",NA,"Private Road","Trail","Public","2023-01-20 00:00:07",43.3037176672862,-91.8127919318837,0.0140776674529218,1003.4547259347
1,"PLPT08","Pulpit Rock Tr",NA,"Private Road","Trail","Public","2023-01-20 00:00:08",43.3037525874236,-91.8128346134358,0.0173090440033198,1002.3589254081
1,"PLPT08","Pulpit Rock Tr",NA,"Private Road","Trail","Public","2023-01-20 00:00:09",43.3037829646588,-91.812864348192,0.0198868306130399,1003.4317600554
1,"PLPT08","Pulpit Rock Tr",NA,"Private Road","Trail","Public","2023-01-20 00:00:10",43.3038191389821,-91.8129139191835,0.0234198509834821,1006.5223112412
1,"PLPT08","Pulpit Rock Tr",NA,"Private Road","Trail","Public","2023-01-20 00:00:11",43.3038465986431,-91.8129567524354,0.0262933369726451,1007.2736235783
1,"PLPT08","Pulpit Rock Tr",NA,"Private Road","Trail","Public","2023-01-20 00:00:12",43.3038756449482,-91.8129918738625,0.0289684236148272,1009.8786104589
1,"PLPT08","Pulpit Rock Tr",NA,"Private Road","Trail","Public","2023-01-20 00:00:13",43.3039024228167,-91.8130260178659,0.0314943912953179,1013.9566944546
1,"PLPT08","Pulpit Rock Tr",NA,"Private Road","Trail","Public","2023-01-20 00:00:14",43.3039382180748,-91.8130587877339,0.0344668930185679,1010.7250671531
1,"PLPT08","Pulpit Rock Tr",NA,"Private Road","Trail","Public","2023-01-20 00:00:15",43.3039677578695,-91.8131045014468,0.0375442711378656,1007.808400482
1,"PLPT08","Pulpit Rock Tr",NA,"Private Road","Trail","Public","2023-01-20 00:00:16",43.3039936392302,-91.813143137719,0.0401874835857215,1006.8602377509
1,"PLPT08","Pulpit Rock Tr",NA,"Private Road","Trail","Public","2023-01-20 00:00:17",43.304020650948,-91.8131815724587,0.042876724120181,1011.6240172857
1,"PLPT08","Pulpit Rock Tr",NA,"Private Road","Trail","Public","2023-01-20 00:00:18",43.3040496993095,-91.8132144266672,0.0454776670821064,1011.712599963
1,"PLPT08","Pulpit Rock Tr",NA,"Private Road","Trail","Public","2023-01-20 00:00:19",43.3040798683921,-91.8132477136484,0.0481523511099883,1006.9849096671
1,"PLPT08","Pulpit Rock Tr",NA,"Private Road","Trail","Public","2023-01-20 00:00:20",43.3041085156781,-91.8132820722072,0.0507813489134338,1010.0328099342
1,"PLPT08","Pulpit Rock Tr",NA,"Private Road","Trail","Public","2023-01-20 00:00:21",43.304135618219,-91.8133138149859,0.0532434045671362,1011.9685054752
1,"PLPT08","Pulpit Rock Tr",NA,"Private Road","Trail","Public","2023-01-20 00:00:22",43.3041556856158,-91.8133435806276,0.0552857438465109,1012.8379280487
1,"PLPT08","Pulpit Rock Tr",NA,"Private Road","Trail","Public","2023-01-20 00:00:23",43.3041835099033,-91.8133779497973,0.0578726318098673,1013.4678493095
1,"PLPT08","Pulpit Rock Tr",NA,"Private Road","Trail","Public","2023-01-20 00:00:24",43.3042083633138,-91.8134084748022,0.0601774273209783,1012.9560382851
1,"PLPT08","Pulpit Rock Tr",NA,"Private Road","Trail","Public","2023-01-20 00:00:25",43.3042328553706,-91.8134420934187,0.0625714804777361,1014.0584004915
1,"PLPT08","Pulpit Rock Tr",NA,"Private Road","Trail","Public","2023-01-20 00:00:26",43.3042564811989,-91.8134749336288,0.0648955629942707,1015.2624687348
1,"PLPT08","Pulpit Rock Tr",NA,"Private Road","Trail","Public","2023-01-20 00:00:27",43.3042863213564,-91.8135080187263,0.0675461838421956,1014.6227049543
1,"PLPT08","Pulpit Rock Tr",NA,"Private Road","Trail","Public","2023-01-20 00:00:28",43.3043099285675,-91.8135403358813,0.0698506440897911,1015.551182646
1,"PLPT08","Pulpit Rock Tr",NA,"Private Road","Trail","Public","2023-01-20 00:00:29",43.3043461387599,-91.8135798784137,0.0730479803878082,1017.0866157192
1,"PLPT08","Pulpit Rock Tr",NA,"Private Road","Trail","Public","2023-01-20 00:00:30",43.3043737845351,-91.8136198982916,0.0758252507865583,1018.6056445929
1,"PLPT08","Pulpit Rock Tr",NA,"Private Road","Trail","Public","2023-01-20 00:00:31",43.304400695404,-91.8136551947561,0.0783977803277258,1019.0354346198
1,"PLPT08","Pulpit Rock Tr",NA,"Private Road","Trail","Public","2023-01-20 00:00:32",43.304429399904,-91.8136934010038,0.0811612787642565,1020.9842535204
1,"PLPT08","Pulpit Rock Tr",NA,"Private Road","Trail","Public","2023-01-20 00:00:33",43.3044590372619,-91.8137248268886,0.083748985287726,1021.98162885
1,"PLPT08","Pulpit Rock Tr",NA,"Private Road","Trail","Public","2023-01-20 00:00:34",43.3044831840117,-91.8137559587789,0.0860385607080835,1022.9297915811
1,"PLPT08","Pulpit Rock Tr",NA,"Private Road","Trail","Public","2023-01-20 00:00:35",43.3045075795759,-91.8137898247575,0.088436771423372,1026.2171931609
1,"PLPT08","Pulpit Rock Tr",NA,"Private Road","Trail","Public","2023-01-20 00:00:36",43.304534988232,-91.813831369832,0.0912593947572756,1024.6817600877
1,"PLPT08","Pulpit Rock Tr",NA,"Private Road","Trail","Public","2023-01-20 00:00:37",43.304569068112,-91.8138701617477,0.0943187859561,1030.9448834568
1,"PLPT08","Pulpit Rock Tr",NA,"Private Road","Trail","Public","2023-01-20 00:00:38",43.3045936123594,-91.8138939662617,0.0963951320929047,1029.2388467088
1,"PLPT08","Pulpit Rock Tr",NA,"Private Road","Trail","Public","2023-01-20 00:00:39",43.3046332785261,-91.8139319562401,0.0997367828221983,1031.4402902817
1,"PLPT08","Pulpit Rock Tr",NA,"Private Road","Trail","Public","2023-01-20 00:00:40",43.3046573494975,-91.8139602281117,0.101926050008044,1033.8779543274
1,"PLPT08","Pulpit Rock Tr",NA,"Private Road","Trail","Public","2023-01-20 00:00:41",43.3046875987931,-91.8139847796994,0.104353550862025,1034.2979018346
1,"PLPT08","Pulpit Rock Tr",NA,"Private Road","Trail","Public","2023-01-20 00:00:42",43.3047261031974,-91.8140143961755,0.10740230810151,1033.4875343793
1,"PLPT08","Pulpit Rock Tr",NA,"Private Road","Trail","Public","2023-01-20 00:00:43",43.3047541491808,-91.8140451988084,0.109884274684276,1035.4921275582
1,"PLPT08","Pulpit Rock Tr",NA,"Private Road","Trail","Public","2023-01-20 00:00:44",43.3047749230628,-91.8140644872966,0.111616981563598,1035.465880839
1,"PLPT08","Pulpit Rock Tr",NA,"Private Road","Trail","Public","2023-01-20 00:00:45",43.304797266494,-91.8141024705361,0.114075885108431,1041.5124687747
1,"PLPT08","Pulpit Rock Tr",NA,"Private Road","Trail","Public","2023-01-20 00:00:46",43.3048228243464,-91.8141340031744,0.116450797903641,1040.9087942331
1,"PLPT08","Pulpit Rock Tr",NA,"Private Road","Trail","Public","2023-01-20 00:00:47",43.3048446037757,-91.8141549169373,0.118287171109276,1041.4599753363
1,"PLPT08","Pulpit Rock Tr",NA,"Private Road","Trail","Public","2023-01-20 00:00:48",43.3048596821998,-91.8141738699523,0.119700163457294,1042.65092022
1,"PLPT08","Pulpit Rock Tr",NA,"Private Road","Trail","Public","2023-01-20 00:00:49",43.3048812282779,-91.8142061901731,0.121906398006757,1041.1942273044
1,"PLPT08","Pulpit Rock Tr",NA,"Private Road","Trail","Public","2023-01-20 00:00:50",43.304907404722,-91.8142289813957,0.1240478264611,1042.3064320305
1,"PLPT08","Pulpit Rock Tr",NA,"Private Road","Trail","Public","2023-01-20 00:00:51",43.3049277280133,-91.8142675054751,0.126443782106544,1042.4770357053
1,"PLPT08","Pulpit Rock Tr",NA,"Private Road","Trail","Public","2023-01-20 00:00:52",43.3049482981274,-91.8142954806897,0.12844520172014,1041.1220488266
1,"PLPT08","Pulpit Rock Tr",NA,"Private Road","Trail","Public","2023-01-20 00:00:53",43.304955242494,-91.8143196025698,0.129752403438895,1041.1581380655
1,"PLPT07","Pulpit Rock Tr",NA,NA,"Trail","Public","1674172801",43.303547709043,-91.8126379952868,0,970.8202114494
1,"PLPT07","Pulpit Rock Tr",NA,NA,"Trail","Public","1674172802",43.3035545407793,-91.8126044676741,0.00175491977450747,980.3937022776
1,"PLPT07","Pulpit Rock Tr",NA,NA,"Trail","Public","1674172803",43.3035635715941,-91.8125718776365,0.00351230705210663,983.9074818105
1,"PLPT07","Pulpit Rock Tr",NA,NA,"Trail","Public","1674172804",43.3035673488306,-91.8125473035369,0.00477840118006255,984.9540697386
1,"PLPT07","Pulpit Rock Tr",NA,NA,"Trail","Public","1674172805",43.3035638344934,-91.8125161616947,0.00636711148081079,985.0262482164
1,"PLPT07","Pulpit Rock Tr",NA,NA,"Trail","Public","1674172806",43.3035463758335,-91.8124862780747,0.0082965023113483,984.1961957217
1,"PLPT07","Pulpit Rock Tr",NA,NA,"Trail","Public","1674172807",43.3035264672236,-91.8124769388088,0.00974928173078244,982.447508055
1,"PLPT07","Pulpit Rock Tr",NA,NA,"Trail","Public","1674172808",43.3035073351271,-91.812468328349,0.0111395490935266,981.1548571344
1,"PLPT07","Pulpit Rock Tr",NA,NA,"Trail","Public","1674172809",43.3034903710525,-91.8124568742478,0.0124452789155327,979.8458020143
1,"PLPT07","Pulpit Rock Tr",NA,NA,"Trail","Public","1674172810",43.3034712099226,-91.8124422775029,0.0139589737529384,980.3280854796
1,"PLPT07","Pulpit Rock Tr",NA,NA,"Trail","Public","1674172811",43.3034411119766,-91.8124023572547,0.0168517066290082,986.3877967749
1,"PLPT07","Pulpit Rock Tr",NA,NA,"Trail","Public","1674172812",43.3034259976148,-91.8123826034344,0.0182941178206454,986.745408324
1,"PLPT07","Pulpit Rock Tr",NA,NA,"Trail","Public","1674172813",43.3034148282417,-91.812352077276,0.0200155058409882,986.8372718412
1,"PLPT07","Pulpit Rock Tr",NA,NA,"Trail","Public","1674172814",43.3034000785228,-91.8123325651249,0.0214313214559338,987.4179805035
1,"PLPT07","Pulpit Rock Tr",NA,NA,"Trail","Public","1674172815",43.3033747296308,-91.8123153705743,0.0233841995387408,987.7001327349
1,"PLPT07","Pulpit Rock Tr",NA,NA,"Trail","Public","1674172816",43.3033466414448,-91.8122741086031,0.0262280522075241,989.2027574091
1,"PLPT07","Pulpit Rock Tr",NA,NA,"Trail","Public","1674172817",43.3033252922169,-91.8122478818978,0.0282080842286146,989.6128623966
1,"PLPT07","Pulpit Rock Tr",NA,NA,"Trail","Public","1674172818",43.3032997851377,-91.8122151066943,0.0306228495228811,993.3464582028
1,"PLPT07","Pulpit Rock Tr",NA,NA,"Trail","Public","1674172819",43.3032821422828,-91.8121955067744,0.0321912491697237,994.3996078107
1,"PLPT07","Pulpit Rock Tr",NA,NA,"Trail","Public","1674172820",43.3032518836331,-91.8121797601262,0.0344258860202674,991.6437022947
1,"PLPT07","Pulpit Rock Tr",NA,NA,"Trail","Public","1674172821",43.3032288680832,-91.812163452377,0.0362148562335667,992.0144372034
1,"PLPT07","Pulpit Rock Tr",NA,NA,"Trail","Public","1674172822",43.3031998146355,-91.8121386245237,0.0385790780620583,990.748033002
1,"PLPT07","Pulpit Rock Tr",NA,NA,"Trail","Public","1674172823",43.3031733001947,-91.8121136643719,0.0408003216882994,991.1220487506
1,"PLPT07","Pulpit Rock Tr",NA,NA,"Trail","Public","1674172824",43.3031414059854,-91.8120700086822,0.0439135479790101,992.1292665999
1,"PLPT07","Pulpit Rock Tr",NA,NA,"Trail","Public","1674172825",43.3031199054744,-91.8120484897746,0.0457520445902753,991.502626179
1,"PLPT07","Pulpit Rock Tr",NA,NA,"Trail","Public","1674172826",43.3030995700716,-91.8120299645053,0.0474381823590179,997.2539385237
1,"PLPT07","Pulpit Rock Tr",NA,NA,"Trail","Public","1674172827",43.3030757630167,-91.8120109708426,0.0493402989971361,994.6423899633
1,"PLPT07","Pulpit Rock Tr",NA,NA,"Trail","Public","1674172828",43.3030533757705,-91.8119854394325,0.0513516221633708,995.1902902266
1,"PLPT07","Pulpit Rock Tr",NA,NA,"Trail","Public","1674172829",43.3030330833705,-91.8119648594636,0.0530948886273875,994.5505264461
1,"PLPT07","Pulpit Rock Tr",NA,NA,"Trail","Public","1674172830",43.3029977442602,-91.8119313984702,0.0560609576492634,995.538059256
1,"PLPT07","Pulpit Rock Tr",NA,NA,"Trail","Public","1674172831",43.3029786864764,-91.8119112826315,0.057722114867593,994.5308414067
1,"PLPT07","Pulpit Rock Tr",NA,NA,"Trail","Public","1674172832",43.3029586662813,-91.811891027403,0.0594405380414083,995.6791353717
1,"PLPT07","Pulpit Rock Tr",NA,NA,"Trail","Public","1674172833",43.3029316569883,-91.8118559538912,0.0620102591940265,994.7769043992
1,"PLPT07","Pulpit Rock Tr",NA,NA,"Trail","Public","1674172834",43.302901778662,-91.8118198441144,0.0647614008335436,994.3372718526
1,"PLPT07","Pulpit Rock Tr",NA,NA,"Trail","Public","1674172835",43.3028784810545,-91.8117931685667,0.0668579371753004,993.9042009858
1,"PLPT07","Pulpit Rock Tr",NA,NA,"Trail","Public","1674172836",43.3028505634684,-91.8117720223706,0.0690604188694849,995.1246734286
1,"PLPT07","Pulpit Rock Tr",NA,NA,"Trail","Public","1674172837",43.3028192299525,-91.8117446474024,0.0716262939074308,992.4278230308
1,"PLPT07","Pulpit Rock Tr",NA,NA,"Trail","Public","1674172838",43.3027890275951,-91.8117022585589,0.0746120071541978,993.9009201459
1,"PLPT07","Pulpit Rock Tr",NA,NA,"Trail","Public","1674172839",43.3027678346495,-91.8116698935379,0.0768036030533709,993.1397652891
1,"PLPT07","Pulpit Rock Tr",NA,NA,"Trail","Public","1674172840",43.3027509018923,-91.8116384911946,0.078771599229248,994.3339910127
1,"PLPT07","Pulpit Rock Tr",NA,NA,"Trail","Public","1674172841",43.3027348740665,-91.8116092738024,0.0806139302279437,994.5374030865
1,"PLPT07","Pulpit Rock Tr",NA,NA,"Trail","Public","1674172842",43.3027090936585,-91.8115722695537,0.0831923168259874,995.4133873398
1,"PLPT07","Pulpit Rock Tr",NA,NA,"Trail","Public","1674172843",43.3026876245132,-91.8115475216684,0.085129690127289,994.9573505937
1,"PLPT07","Pulpit Rock Tr",NA,NA,"Trail","Public","1674172844",43.302673765847,-91.8115268799498,0.0865433264214553,995.5971143742
1,"PLPT07","Pulpit Rock Tr",NA,NA,"Trail","Public","1674172845",43.3026579359748,-91.8115087040483,0.0879694940470121,997.5426524349
1,"PLPT07","Pulpit Rock Tr",NA,NA,"Trail","Public","1674172846",43.3026389058774,-91.8114857486404,0.0897202992574952,996.1515763173
1,"PLPT07","Pulpit Rock Tr",NA,NA,"Trail","Public","1674172847",43.3026277742659,-91.8114618737659,0.0911483938827712,995.0524949508
1,"PLPT07","Pulpit Rock Tr",NA,NA,"Trail","Public","1674172848",43.3026112324847,-91.8114470626376,0.0925128135776929,993.2513138457
1,"PLPT07","Pulpit Rock Tr",NA,NA,"Trail","Public","1674172849",43.3025941890921,-91.8114376513568,0.0937814529303197,997.2998702823
